<?xml version="1.0" encoding="utf-8"?>
<championnat xsi:noNamespaceSchemaLocation="championnat.xsd" xmlns:xsi="http://www.w3.org/2001/XMLSchema-instance">
	<clubs>
		<club id="LOSC">
			<nom>LOSC Lille Metropole</nom>
			<ville>Lille</ville>
		</club>
		<club id="SRFC">
			<nom>Stade Rennais FC</nom>
			<ville>Rennes</ville>
		</club>
		<club id="OL">
			<nom>Olympique Lyonnais</nom>
			<ville>Lyon</ville>
		</club>
		<club id="OM">
			<nom>Olympique de Marseille</nom>
			<ville>Marseille</ville>
		</club>
		<club id="PSG">
			<nom>Paris Saint-Germain</nom>
			<ville>Paris</ville>
		</club>
		<club id="MHSC">
			<nom>Montpellier Herault SC</nom>
			<ville>Montpellier</ville>
		</club>
		<club id="ASSE">
			<nom>AS Saint-Etienne</nom>
			<ville>Saint Etienne</ville>
		</club>
		<club id="GB">
			<nom>Girondins de Bordeaux</nom>
			<ville>Bordeaux</ville>
		</club>
		<club id="FCL">
			<nom>FC Lorient</nom>
			<ville>Lorient</ville>
		</club>
		<club id="ACA">
			<nom>AC Ajaccio</nom>
			<ville>Ajaccio</ville>
		</club>
		<club id="FCSM">
			<nom>FC de Sochaux Montbéliard</nom>
			<ville>Sochaux</ville>
		</club>
		<club id="SB">
			<nom>Stade Brestois 29</nom>
			<ville>Brest</ville>
		</club>
		<club id="OGCN">
			<nom>OGC Nice</nom>
			<ville>Nice</ville>
		</club>
		<club id="VAFC">
			<nom>Valenciennes FC</nom>
			<ville>Valenciennes</ville>
		</club>
		<club id="SMC">
			<nom>SM Caen</nom>
			<ville>Caen</ville>
		</club>
		<club id="ASNL">
			<nom>AS Nancy Lorraine</nom>
			<ville>Nancy</ville>
		</club>
		<club id="ETGFC">
			<nom>Evian TG FC</nom>
			<ville>Evian</ville>
		</club>
		<club id="AJA">
			<nom>AJ Auxerre</nom>
			<ville>Auxerre</ville>
		</club>
		<club id="TFC">
			<nom>Toulouse FC</nom>
			<ville>Toulouse</ville>
		</club>
		<club id="DFCO">
			<nom>Dijon FCO</nom>
			<ville>Dijon</ville>
		</club>
	</clubs>
<journées>
   <journée num="1">
      <date>2011-08-06</date>
      <rencontre>
         <clubReceveur>ACA</clubReceveur>
         <clubInvité>TFC</clubInvité>
         <score>0 2</score>
      </rencontre>
      <rencontre>
         <clubReceveur>ASNL</clubReceveur>
         <clubInvité>LOSC</clubInvité>
         <score>1 1</score>
      </rencontre>
      <rencontre>
         <clubReceveur>SB</clubReceveur>
         <clubInvité>ETGFC</clubInvité>
         <score>2 2</score>
      </rencontre>
      <rencontre>
         <clubReceveur>SMC</clubReceveur>
         <clubInvité>VAFC</clubInvité>
         <score>1 0</score>
      </rencontre>
      <rencontre>
         <clubReceveur>OM</clubReceveur>
         <clubInvité>FCSM</clubInvité>
         <score>2 2</score>
      </rencontre>
      <rencontre>
         <clubReceveur>MHSC</clubReceveur>
         <clubInvité>AJA</clubInvité>
         <score>3 1</score>
      </rencontre>
      <rencontre>
         <clubReceveur>OGCN</clubReceveur>
         <clubInvité>OL</clubInvité>
         <score>1 3</score>
      </rencontre>
      <rencontre>
         <clubReceveur>PSG</clubReceveur>
         <clubInvité>FCL</clubInvité>
         <score>0 1</score>
      </rencontre>
      <rencontre>
         <clubReceveur>DFCO</clubReceveur>
         <clubInvité>SRFC</clubInvité>
         <score>1 5</score>
      </rencontre>
      <rencontre>
         <clubReceveur>GB</clubReceveur>
         <clubInvité>ASSE</clubInvité>
         <score>1 2</score>
      </rencontre>
   </journée>
   <journée num="2">
      <date>2011-08-13</date>
      <rencontre>
         <clubReceveur>FCL</clubReceveur>
         <clubInvité>GB</clubInvité>
         <score>1 1</score>
      </rencontre>
      <rencontre>
         <clubReceveur>OL</clubReceveur>
         <clubInvité>ACA</clubInvité>
         <score>1 1</score>
      </rencontre>
      <rencontre>
         <clubReceveur>FCSM</clubReceveur>
         <clubInvité>SMC</clubInvité>
         <score>1 2</score>
      </rencontre>
      <rencontre>
         <clubReceveur>ASSE</clubReceveur>
         <clubInvité>ASNL</clubInvité>
         <score>1 0</score>
      </rencontre>
      <rencontre>
         <clubReceveur>SRFC</clubReceveur>
         <clubInvité>PSG</clubInvité>
         <score>1 1</score>
      </rencontre>
      <rencontre>
         <clubReceveur>TFC</clubReceveur>
         <clubInvité>DFCO</clubInvité>
         <score>2 0</score>
      </rencontre>
      <rencontre>
         <clubReceveur>VAFC</clubReceveur>
         <clubInvité>SB</clubInvité>
         <score>0 0</score>
      </rencontre>
      <rencontre>
         <clubReceveur>AJA</clubReceveur>
         <clubInvité>OM</clubInvité>
         <score>2 2</score>
      </rencontre>
      <rencontre>
         <clubReceveur>ETGFC</clubReceveur>
         <clubInvité>OGCN</clubInvité>
         <score>1 0</score>
      </rencontre>
      <rencontre>
         <clubReceveur>LOSC</clubReceveur>
         <clubInvité>MHSC</clubInvité>
         <score>0 1</score>
      </rencontre>
   </journée>
   <journée num="3">
      <date>2011-08-20</date>
      <rencontre>
         <clubReceveur>GB</clubReceveur>
         <clubInvité>AJA</clubInvité>
         <score>1 1</score>
      </rencontre>
      <rencontre>
         <clubReceveur>SB</clubReceveur>
         <clubInvité>OL</clubInvité>
         <score>1 1</score>
      </rencontre>
      <rencontre>
         <clubReceveur>SMC</clubReceveur>
         <clubInvité>LOSC</clubInvité>
         <score>1 2</score>
      </rencontre>
      <rencontre>
         <clubReceveur>DFCO</clubReceveur>
         <clubInvité>FCL</clubInvité>
         <score>2 0</score>
      </rencontre>
      <rencontre>
         <clubReceveur>OGCN</clubReceveur>
         <clubInvité>TFC</clubInvité>
         <score>1 1</score>
      </rencontre>
      <rencontre>
         <clubReceveur>ACA</clubReceveur>
         <clubInvité>ETGFC</clubInvité>
         <score>1 1</score>
      </rencontre>
      <rencontre>
         <clubReceveur>ASNL</clubReceveur>
         <clubInvité>FCSM</clubInvité>
         <score>1 2</score>
      </rencontre>
      <rencontre>
         <clubReceveur>MHSC</clubReceveur>
         <clubInvité>SRFC</clubInvité>
         <score>4 0</score>
      </rencontre>
      <rencontre>
         <clubReceveur>PSG</clubReceveur>
         <clubInvité>VAFC</clubInvité>
         <score>2 1</score>
      </rencontre>
      <rencontre>
         <clubReceveur>OM</clubReceveur>
         <clubInvité>ASSE</clubInvité>
         <score>0 0</score>
      </rencontre>
   </journée>
   <journée num="4">
      <date>2011-08-27</date>
      <rencontre>
         <clubReceveur>AJA</clubReceveur>
         <clubInvité>ACA</clubInvité>
         <score>4 1</score>
      </rencontre>
      <rencontre>
         <clubReceveur>ETGFC</clubReceveur>
         <clubInvité>DFCO</clubInvité>
         <score>0 1</score>
      </rencontre>
      <rencontre>
         <clubReceveur>FCL</clubReceveur>
         <clubInvité>ASNL</clubInvité>
         <score>2 1</score>
      </rencontre>
      <rencontre>
         <clubReceveur>OGCN</clubReceveur>
         <clubInvité>SB</clubInvité>
         <score>0 0</score>
      </rencontre>
      <rencontre>
         <clubReceveur>VAFC</clubReceveur>
         <clubInvité>GB</clubInvité>
         <score>1 2</score>
      </rencontre>
      <rencontre>
         <clubReceveur>OL</clubReceveur>
         <clubInvité>MHSC</clubInvité>
         <score>2 1</score>
      </rencontre>
      <rencontre>
         <clubReceveur>FCSM</clubReceveur>
         <clubInvité>ASSE</clubInvité>
         <score>2 1</score>
      </rencontre>
      <rencontre>
         <clubReceveur>SRFC</clubReceveur>
         <clubInvité>SMC</clubInvité>
         <score>3 2</score>
      </rencontre>
      <rencontre>
         <clubReceveur>TFC</clubReceveur>
         <clubInvité>PSG</clubInvité>
         <score>1 3</score>
      </rencontre>
      <rencontre>
         <clubReceveur>LOSC</clubReceveur>
         <clubInvité>OM</clubInvité>
         <score>3 2</score>
      </rencontre>
   </journée>
   <journée num="5">
      <date>2011-09-10</date>
      <rencontre>
         <clubReceveur>ACA</clubReceveur>
         <clubInvité>VAFC</clubInvité>
         <score>3 1</score>
      </rencontre>
      <rencontre>
         <clubReceveur>GB</clubReceveur>
         <clubInvité>ETGFC</clubInvité>
         <score>0 0</score>
      </rencontre>
      <rencontre>
         <clubReceveur>SMC</clubReceveur>
         <clubInvité>TFC</clubInvité>
         <score>0 1</score>
      </rencontre>
      <rencontre>
         <clubReceveur>DFCO</clubReceveur>
         <clubInvité>OL</clubInvité>
         <score>1 2</score>
      </rencontre>
      <rencontre>
         <clubReceveur>FCSM</clubReceveur>
         <clubInvité>FCL</clubInvité>
         <score>1 1</score>
      </rencontre>
      <rencontre>
         <clubReceveur>ASSE</clubReceveur>
         <clubInvité>LOSC</clubInvité>
         <score>1 3</score>
      </rencontre>
      <rencontre>
         <clubReceveur>OM</clubReceveur>
         <clubInvité>SRFC</clubInvité>
         <score>0 1</score>
      </rencontre>
      <rencontre>
         <clubReceveur>ASNL</clubReceveur>
         <clubInvité>AJA</clubInvité>
         <score>0 0</score>
      </rencontre>
      <rencontre>
         <clubReceveur>MHSC</clubReceveur>
         <clubInvité>OGCN</clubInvité>
         <score>1 0</score>
      </rencontre>
      <rencontre>
         <clubReceveur>PSG</clubReceveur>
         <clubInvité>SB</clubInvité>
         <score>1 0</score>
      </rencontre>
   </journée>
   <journée num="6">
      <date>2011-09-17</date>
      <rencontre>
         <clubReceveur>AJA</clubReceveur>
         <clubInvité>SMC</clubInvité>
         <score>1 1</score>
      </rencontre>
      <rencontre>
         <clubReceveur>SB</clubReceveur>
         <clubInvité>MHSC</clubInvité>
         <score>2 2</score>
      </rencontre>
      <rencontre>
         <clubReceveur>FCL</clubReceveur>
         <clubInvité>ASSE</clubInvité>
         <score>3 0</score>
      </rencontre>
      <rencontre>
         <clubReceveur>OGCN</clubReceveur>
         <clubInvité>ACA</clubInvité>
         <score>3 0</score>
      </rencontre>
      <rencontre>
         <clubReceveur>TFC</clubReceveur>
         <clubInvité>GB</clubInvité>
         <score>3 2</score>
      </rencontre>
      <rencontre>
         <clubReceveur>VAFC</clubReceveur>
         <clubInvité>DFCO</clubInvité>
         <score>4 0</score>
      </rencontre>
      <rencontre>
         <clubReceveur>LOSC</clubReceveur>
         <clubInvité>FCSM</clubInvité>
         <score>2 2</score>
      </rencontre>
      <rencontre>
         <clubReceveur>ETGFC</clubReceveur>
         <clubInvité>PSG</clubInvité>
         <score>2 2</score>
      </rencontre>
      <rencontre>
         <clubReceveur>SRFC</clubReceveur>
         <clubInvité>ASNL</clubInvité>
         <score>1 1</score>
      </rencontre>
      <rencontre>
         <clubReceveur>OL</clubReceveur>
         <clubInvité>OM</clubInvité>
         <score>2 0</score>
      </rencontre>
   </journée>
   <journée num="7">
      <date>2011-09-20</date>
      <rencontre>
         <clubReceveur>GB</clubReceveur>
         <clubInvité>LOSC</clubInvité>
         <score>1 1</score>
      </rencontre>
      <rencontre>
         <clubReceveur>ACA</clubReceveur>
         <clubInvité>MHSC</clubInvité>
         <score>1 3</score>
      </rencontre>
      <rencontre>
         <clubReceveur>ASNL</clubReceveur>
         <clubInvité>VAFC</clubInvité>
         <score>1 1</score>
      </rencontre>
      <rencontre>
         <clubReceveur>SMC</clubReceveur>
         <clubInvité>OL</clubInvité>
         <score>1 0</score>
      </rencontre>
      <rencontre>
         <clubReceveur>DFCO</clubReceveur>
         <clubInvité>SB</clubInvité>
         <score>1 0</score>
      </rencontre>
      <rencontre>
         <clubReceveur>FCL</clubReceveur>
         <clubInvité>AJA</clubInvité>
         <score>1 1</score>
      </rencontre>
      <rencontre>
         <clubReceveur>OM</clubReceveur>
         <clubInvité>ETGFC</clubInvité>
         <score>2 0</score>
      </rencontre>
      <rencontre>
         <clubReceveur>PSG</clubReceveur>
         <clubInvité>OGCN</clubInvité>
         <score>2 1</score>
      </rencontre>
      <rencontre>
         <clubReceveur>FCSM</clubReceveur>
         <clubInvité>SRFC</clubInvité>
         <score>2 6</score>
      </rencontre>
      <rencontre>
         <clubReceveur>ASSE</clubReceveur>
         <clubInvité>TFC</clubInvité>
         <score>1 1</score>
      </rencontre>
   </journée>
   <journée num="8">
      <date>2011-09-24</date>
      <rencontre>
         <clubReceveur>ETGFC</clubReceveur>
         <clubInvité>SMC</clubInvité>
         <score>2 4</score>
      </rencontre>
      <rencontre>
         <clubReceveur>LOSC</clubReceveur>
         <clubInvité>FCL</clubInvité>
         <score>1 1</score>
      </rencontre>
      <rencontre>
         <clubReceveur>OL</clubReceveur>
         <clubInvité>GB</clubInvité>
         <score>3 1</score>
      </rencontre>
      <rencontre>
         <clubReceveur>OGCN</clubReceveur>
         <clubInvité>DFCO</clubInvité>
         <score>1 1</score>
      </rencontre>
      <rencontre>
         <clubReceveur>TFC</clubReceveur>
         <clubInvité>ASNL</clubInvité>
         <score>1 0</score>
      </rencontre>
      <rencontre>
         <clubReceveur>VAFC</clubReceveur>
         <clubInvité>OM</clubInvité>
         <score>1 1</score>
      </rencontre>
      <rencontre>
         <clubReceveur>MHSC</clubReceveur>
         <clubInvité>PSG</clubInvité>
         <score>0 3</score>
      </rencontre>
      <rencontre>
         <clubReceveur>AJA</clubReceveur>
         <clubInvité>FCSM</clubInvité>
         <score>4 1</score>
      </rencontre>
      <rencontre>
         <clubReceveur>SB</clubReceveur>
         <clubInvité>ACA</clubInvité>
         <score>1 1</score>
      </rencontre>
      <rencontre>
         <clubReceveur>SRFC</clubReceveur>
         <clubInvité>ASSE</clubInvité>
         <score>1 1</score>
      </rencontre>
   </journée>
   <journée num="9">
      <date>2011-10-01</date>
      <rencontre>
         <clubReceveur>ASNL</clubReceveur>
         <clubInvité>ETGFC</clubInvité>
         <score>1 1</score>
      </rencontre>
      <rencontre>
         <clubReceveur>SMC</clubReceveur>
         <clubInvité>OGCN</clubInvité>
         <score>1 1</score>
      </rencontre>
      <rencontre>
         <clubReceveur>DFCO</clubReceveur>
         <clubInvité>ACA</clubInvité>
         <score>1 1</score>
      </rencontre>
      <rencontre>
         <clubReceveur>FCL</clubReceveur>
         <clubInvité>VAFC</clubInvité>
         <score>2 0</score>
      </rencontre>
      <rencontre>
         <clubReceveur>FCSM</clubReceveur>
         <clubInvité>TFC</clubInvité>
         <score>3 0</score>
      </rencontre>
      <rencontre>
         <clubReceveur>ASSE</clubReceveur>
         <clubInvité>AJA</clubInvité>
         <score>1 1</score>
      </rencontre>
      <rencontre>
         <clubReceveur>GB</clubReceveur>
         <clubInvité>MHSC</clubInvité>
         <score>2 2</score>
      </rencontre>
      <rencontre>
         <clubReceveur>LOSC</clubReceveur>
         <clubInvité>SRFC</clubInvité>
         <score>2 0</score>
      </rencontre>
      <rencontre>
         <clubReceveur>OM</clubReceveur>
         <clubInvité>SB</clubInvité>
         <score>1 1</score>
      </rencontre>
      <rencontre>
         <clubReceveur>PSG</clubReceveur>
         <clubInvité>OL</clubInvité>
         <score>2 0</score>
      </rencontre>
   </journée>
   <journée num="10">
      <date>2011-10-15</date>
      <rencontre>
         <clubReceveur>AJA</clubReceveur>
         <clubInvité>LOSC</clubInvité>
         <score>1 3</score>
      </rencontre>
      <rencontre>
         <clubReceveur>SB</clubReceveur>
         <clubInvité>SMC</clubInvité>
         <score>1 1</score>
      </rencontre>
      <rencontre>
         <clubReceveur>ETGFC</clubReceveur>
         <clubInvité>ASSE</clubInvité>
         <score>1 2</score>
      </rencontre>
      <rencontre>
         <clubReceveur>OL</clubReceveur>
         <clubInvité>ASNL</clubInvité>
         <score>3 1</score>
      </rencontre>
      <rencontre>
         <clubReceveur>MHSC</clubReceveur>
         <clubInvité>DFCO</clubInvité>
         <score>5 3</score>
      </rencontre>
      <rencontre>
         <clubReceveur>TFC</clubReceveur>
         <clubInvité>OM</clubInvité>
         <score>0 0</score>
      </rencontre>
      <rencontre>
         <clubReceveur>OGCN</clubReceveur>
         <clubInvité>GB</clubInvité>
         <score>3 0</score>
      </rencontre>
      <rencontre>
         <clubReceveur>ACA</clubReceveur>
         <clubInvité>PSG</clubInvité>
         <score>1 3</score>
      </rencontre>
      <rencontre>
         <clubReceveur>VAFC</clubReceveur>
         <clubInvité>FCSM</clubInvité>
         <score>3 0</score>
      </rencontre>
      <rencontre>
         <clubReceveur>SRFC</clubReceveur>
         <clubInvité>FCL</clubInvité>
         <score>2 0</score>
      </rencontre>
   </journée>
   <journée num="11">
      <date>2011-10-22</date>
      <rencontre>
         <clubReceveur>ASNL</clubReceveur>
         <clubInvité>OGCN</clubInvité>
         <score>1 0</score>
      </rencontre>
      <rencontre>
         <clubReceveur>GB</clubReceveur>
         <clubInvité>SB</clubInvité>
         <score>1 1</score>
      </rencontre>
      <rencontre>
         <clubReceveur>SMC</clubReceveur>
         <clubInvité>MHSC</clubInvité>
         <score>1 3</score>
      </rencontre>
      <rencontre>
         <clubReceveur>OM</clubReceveur>
         <clubInvité>ACA</clubInvité>
         <score>2 0</score>
      </rencontre>
      <rencontre>
         <clubReceveur>FCSM</clubReceveur>
         <clubInvité>ETGFC</clubInvité>
         <score>1 1</score>
      </rencontre>
      <rencontre>
         <clubReceveur>ASSE</clubReceveur>
         <clubInvité>VAFC</clubInvité>
         <score>1 0</score>
      </rencontre>
      <rencontre>
         <clubReceveur>FCL</clubReceveur>
         <clubInvité>TFC</clubInvité>
         <score>0 0</score>
      </rencontre>
      <rencontre>
         <clubReceveur>AJA</clubReceveur>
         <clubInvité>SRFC</clubInvité>
         <score>0 1</score>
      </rencontre>
      <rencontre>
         <clubReceveur>PSG</clubReceveur>
         <clubInvité>DFCO</clubInvité>
         <score>2 0</score>
      </rencontre>
      <rencontre>
         <clubReceveur>LOSC</clubReceveur>
         <clubInvité>OL</clubInvité>
         <score>3 1</score>
      </rencontre>
   </journée>
   <journée num="12">
      <date>2011-10-29</date>
      <rencontre>
         <clubReceveur>ACA</clubReceveur>
         <clubInvité>GB</clubInvité>
         <score>0 2</score>
      </rencontre>
      <rencontre>
         <clubReceveur>SB</clubReceveur>
         <clubInvité>FCL</clubInvité>
         <score>3 1</score>
      </rencontre>
      <rencontre>
         <clubReceveur>DFCO</clubReceveur>
         <clubInvité>OM</clubInvité>
         <score>2 3</score>
      </rencontre>
      <rencontre>
         <clubReceveur>ETGFC</clubReceveur>
         <clubInvité>AJA</clubInvité>
         <score>3 1</score>
      </rencontre>
      <rencontre>
         <clubReceveur>MHSC</clubReceveur>
         <clubInvité>ASNL</clubInvité>
         <score>2 0</score>
      </rencontre>
      <rencontre>
         <clubReceveur>PSG</clubReceveur>
         <clubInvité>SMC</clubInvité>
         <score>4 2</score>
      </rencontre>
      <rencontre>
         <clubReceveur>OL</clubReceveur>
         <clubInvité>ASSE</clubInvité>
         <score>2 0</score>
      </rencontre>
      <rencontre>
         <clubReceveur>OGCN</clubReceveur>
         <clubInvité>FCSM</clubInvité>
         <score>1 1</score>
      </rencontre>
      <rencontre>
         <clubReceveur>TFC</clubReceveur>
         <clubInvité>SRFC</clubInvité>
         <score>1 0</score>
      </rencontre>
      <rencontre>
         <clubReceveur>VAFC</clubReceveur>
         <clubInvité>LOSC</clubInvité>
         <score>0 0</score>
      </rencontre>
   </journée>
   <journée num="13">
      <date>2011-11-05</date>
      <rencontre>
         <clubReceveur>LOSC</clubReceveur>
         <clubInvité>ETGFC</clubInvité>
         <score>1 1</score>
      </rencontre>
      <rencontre>
         <clubReceveur>AJA</clubReceveur>
         <clubInvité>TFC</clubInvité>
         <score>2 0</score>
      </rencontre>
      <rencontre>
         <clubReceveur>ASNL</clubReceveur>
         <clubInvité>SB</clubInvité>
         <score>2 1</score>
      </rencontre>
      <rencontre>
         <clubReceveur>SMC</clubReceveur>
         <clubInvité>DFCO</clubInvité>
         <score>3 0</score>
      </rencontre>
      <rencontre>
         <clubReceveur>FCL</clubReceveur>
         <clubInvité>ACA</clubInvité>
         <score>2 0</score>
      </rencontre>
      <rencontre>
         <clubReceveur>OM</clubReceveur>
         <clubInvité>OGCN</clubInvité>
         <score>2 0</score>
      </rencontre>
      <rencontre>
         <clubReceveur>FCSM</clubReceveur>
         <clubInvité>OL</clubInvité>
         <score>2 1</score>
      </rencontre>
      <rencontre>
         <clubReceveur>ASSE</clubReceveur>
         <clubInvité>MHSC</clubInvité>
         <score>1 1</score>
      </rencontre>
      <rencontre>
         <clubReceveur>SRFC</clubReceveur>
         <clubInvité>VAFC</clubInvité>
         <score>1 1</score>
      </rencontre>
      <rencontre>
         <clubReceveur>GB</clubReceveur>
         <clubInvité>PSG</clubInvité>
         <score>1 1</score>
      </rencontre>
   </journée>
   <journée num="14">
      <date>2011-11-18</date>
      <rencontre>
         <clubReceveur>OL</clubReceveur>
         <clubInvité>SRFC</clubInvité>
         <score>1 2</score>
      </rencontre>
      <rencontre>
         <clubReceveur>TFC</clubReceveur>
         <clubInvité>LOSC</clubInvité>
         <score>0 0</score>
      </rencontre>
      <rencontre>
         <clubReceveur>ACA</clubReceveur>
         <clubInvité>SMC</clubInvité>
         <score>2 2</score>
      </rencontre>
      <rencontre>
         <clubReceveur>DFCO</clubReceveur>
         <clubInvité>GB</clubInvité>
         <score>2 0</score>
      </rencontre>
      <rencontre>
         <clubReceveur>ETGFC</clubReceveur>
         <clubInvité>FCL</clubInvité>
         <score>2 1</score>
      </rencontre>
      <rencontre>
         <clubReceveur>OGCN</clubReceveur>
         <clubInvité>ASSE</clubInvité>
         <score>0 2</score>
      </rencontre>
      <rencontre>
         <clubReceveur>MHSC</clubReceveur>
         <clubInvité>OM</clubInvité>
         <score>1 0</score>
      </rencontre>
      <rencontre>
         <clubReceveur>SB</clubReceveur>
         <clubInvité>FCSM</clubInvité>
         <score>2 0</score>
      </rencontre>
      <rencontre>
         <clubReceveur>VAFC</clubReceveur>
         <clubInvité>AJA</clubInvité>
         <score>2 1</score>
      </rencontre>
      <rencontre>
         <clubReceveur>PSG</clubReceveur>
         <clubInvité>ASNL</clubInvité>
         <score>0 1</score>
      </rencontre>
   </journée>
   <journée num="15">
      <date>2011-11-26</date>
      <rencontre>
         <clubReceveur>ASNL</clubReceveur>
         <clubInvité>DFCO</clubInvité>
         <score>1 2</score>
      </rencontre>
      <rencontre>
         <clubReceveur>GB</clubReceveur>
         <clubInvité>SMC</clubInvité>
         <score>2 0</score>
      </rencontre>
      <rencontre>
         <clubReceveur>FCSM</clubReceveur>
         <clubInvité>MHSC</clubInvité>
         <score>1 3</score>
      </rencontre>
      <rencontre>
         <clubReceveur>ASSE</clubReceveur>
         <clubInvité>ACA</clubInvité>
         <score>3 1</score>
      </rencontre>
      <rencontre>
         <clubReceveur>SRFC</clubReceveur>
         <clubInvité>ETGFC</clubInvité>
         <score>3 2</score>
      </rencontre>
      <rencontre>
         <clubReceveur>TFC</clubReceveur>
         <clubInvité>VAFC</clubInvité>
         <score>2 0</score>
      </rencontre>
      <rencontre>
         <clubReceveur>LOSC</clubReceveur>
         <clubInvité>SB</clubInvité>
         <score>2 0</score>
      </rencontre>
      <rencontre>
         <clubReceveur>AJA</clubReceveur>
         <clubInvité>OL</clubInvité>
         <score>0 3</score>
      </rencontre>
      <rencontre>
         <clubReceveur>FCL</clubReceveur>
         <clubInvité>OGCN</clubInvité>
         <score>1 0</score>
      </rencontre>
      <rencontre>
         <clubReceveur>OM</clubReceveur>
         <clubInvité>PSG</clubInvité>
         <score>3 0</score>
      </rencontre>
   </journée>
   <journée num="16">
      <date>2011-12-02</date>
      <rencontre>
         <clubReceveur>SMC</clubReceveur>
         <clubInvité>OM</clubInvité>
         <score>1 2</score>
      </rencontre>
      <rencontre>
         <clubReceveur>ACA</clubReceveur>
         <clubInvité>LOSC</clubInvité>
         <score>2 3</score>
      </rencontre>
      <rencontre>
         <clubReceveur>SB</clubReceveur>
         <clubInvité>ASSE</clubInvité>
         <score>2 2</score>
      </rencontre>
      <rencontre>
         <clubReceveur>DFCO</clubReceveur>
         <clubInvité>FCSM</clubInvité>
         <score>0 0</score>
      </rencontre>
      <rencontre>
         <clubReceveur>ETGFC</clubReceveur>
         <clubInvité>VAFC</clubInvité>
         <score>2 1</score>
      </rencontre>
      <rencontre>
         <clubReceveur>MHSC</clubReceveur>
         <clubInvité>FCL</clubInvité>
         <score>4 0</score>
      </rencontre>
      <rencontre>
         <clubReceveur>OGCN</clubReceveur>
         <clubInvité>SRFC</clubInvité>
         <score>2 0</score>
      </rencontre>
      <rencontre>
         <clubReceveur>GB</clubReceveur>
         <clubInvité>ASNL</clubInvité>
         <score>2 0</score>
      </rencontre>
      <rencontre>
         <clubReceveur>PSG</clubReceveur>
         <clubInvité>AJA</clubInvité>
         <score>3 2</score>
      </rencontre>
      <rencontre>
         <clubReceveur>OL</clubReceveur>
         <clubInvité>TFC</clubInvité>
         <score>3 2</score>
      </rencontre>
   </journée>
   <journée num="17">
      <date>2011-12-10</date>
      <rencontre>
         <clubReceveur>ASNL</clubReceveur>
         <clubInvité>ACA</clubInvité>
         <score>2 2</score>
      </rencontre>
      <rencontre>
         <clubReceveur>FCSM</clubReceveur>
         <clubInvité>PSG</clubInvité>
         <score>0 1</score>
      </rencontre>
      <rencontre>
         <clubReceveur>ASSE</clubReceveur>
         <clubInvité>SMC</clubInvité>
         <score>2 0</score>
      </rencontre>
      <rencontre>
         <clubReceveur>SRFC</clubReceveur>
         <clubInvité>SB</clubInvité>
         <score>1 1</score>
      </rencontre>
      <rencontre>
         <clubReceveur>TFC</clubReceveur>
         <clubInvité>ETGFC</clubInvité>
         <score>2 1</score>
      </rencontre>
      <rencontre>
         <clubReceveur>VAFC</clubReceveur>
         <clubInvité>MHSC</clubInvité>
         <score>1 0</score>
      </rencontre>
      <rencontre>
         <clubReceveur>OM</clubReceveur>
         <clubInvité>GB</clubInvité>
         <score>0 0</score>
      </rencontre>
      <rencontre>
         <clubReceveur>AJA</clubReceveur>
         <clubInvité>OGCN</clubInvité>
         <score>2 1</score>
      </rencontre>
      <rencontre>
         <clubReceveur>LOSC</clubReceveur>
         <clubInvité>DFCO</clubInvité>
         <score>2 0</score>
      </rencontre>
      <rencontre>
         <clubReceveur>FCL</clubReceveur>
         <clubInvité>OL</clubInvité>
         <score>0 1</score>
      </rencontre>
   </journée>
   <journée num="18">
      <date>2011-12-17</date>
      <rencontre>
         <clubReceveur>SB</clubReceveur>
         <clubInvité>AJA</clubInvité>
         <score>1 0</score>
      </rencontre>
      <rencontre>
         <clubReceveur>SMC</clubReceveur>
         <clubInvité>ASNL</clubInvité>
         <score>1 2</score>
      </rencontre>
      <rencontre>
         <clubReceveur>DFCO</clubReceveur>
         <clubInvité>ASSE</clubInvité>
         <score>1 2</score>
      </rencontre>
      <rencontre>
         <clubReceveur>OM</clubReceveur>
         <clubInvité>FCL</clubInvité>
         <score>2 1</score>
      </rencontre>
      <rencontre>
         <clubReceveur>MHSC</clubReceveur>
         <clubInvité>TFC</clubInvité>
         <score>1 1</score>
      </rencontre>
      <rencontre>
         <clubReceveur>OGCN</clubReceveur>
         <clubInvité>VAFC</clubInvité>
         <score>2 0</score>
      </rencontre>
      <rencontre>
         <clubReceveur>OL</clubReceveur>
         <clubInvité>ETGFC</clubInvité>
         <score>2 1</score>
      </rencontre>
      <rencontre>
         <clubReceveur>ACA</clubReceveur>
         <clubInvité>SRFC</clubInvité>
         <score>1 0</score>
      </rencontre>
      <rencontre>
         <clubReceveur>GB</clubReceveur>
         <clubInvité>FCSM</clubInvité>
         <score>1 0</score>
      </rencontre>
      <rencontre>
         <clubReceveur>PSG</clubReceveur>
         <clubInvité>LOSC</clubInvité>
         <score>0 0</score>
      </rencontre>
   </journée>
   <journée num="19">
      <date>2011-12-20</date>
      <rencontre>
         <clubReceveur>ASNL</clubReceveur>
         <clubInvité>OM</clubInvité>
         <score>1 3</score>
      </rencontre>
      <rencontre>
         <clubReceveur>AJA</clubReceveur>
         <clubInvité>DFCO</clubInvité>
         <score>2 2</score>
      </rencontre>
      <rencontre>
         <clubReceveur>ETGFC</clubReceveur>
         <clubInvité>MHSC</clubInvité>
         <score>4 2</score>
      </rencontre>
      <rencontre>
         <clubReceveur>LOSC</clubReceveur>
         <clubInvité>OGCN</clubInvité>
         <score>4 4</score>
      </rencontre>
      <rencontre>
         <clubReceveur>FCL</clubReceveur>
         <clubInvité>SMC</clubInvité>
         <score>0 0</score>
      </rencontre>
      <rencontre>
         <clubReceveur>FCSM</clubReceveur>
         <clubInvité>ACA</clubInvité>
         <score>0 2</score>
      </rencontre>
      <rencontre>
         <clubReceveur>SRFC</clubReceveur>
         <clubInvité>GB</clubInvité>
         <score>1 0</score>
      </rencontre>
      <rencontre>
         <clubReceveur>TFC</clubReceveur>
         <clubInvité>SB</clubInvité>
         <score>0 0</score>
      </rencontre>
      <rencontre>
         <clubReceveur>VAFC</clubReceveur>
         <clubInvité>OL</clubInvité>
         <score>1 0</score>
      </rencontre>
      <rencontre>
         <clubReceveur>ASSE</clubReceveur>
         <clubInvité>PSG</clubInvité>
         <score>0 1</score>
      </rencontre>
   </journée>
   <journée num="20">
      <date>2012-01-14</date>
      <rencontre>
         <clubReceveur>ACA</clubReceveur>
         <clubInvité>AJA</clubInvité>
         <score>2 1</score>
      </rencontre>
      <rencontre>
         <clubReceveur>ASNL</clubReceveur>
         <clubInvité>FCL</clubInvité>
         <score>2 2</score>
      </rencontre>
      <rencontre>
         <clubReceveur>GB</clubReceveur>
         <clubInvité>VAFC</clubInvité>
         <score>2 1</score>
      </rencontre>
      <rencontre>
         <clubReceveur>SB</clubReceveur>
         <clubInvité>OGCN</clubInvité>
         <score>1 0</score>
      </rencontre>
      <rencontre>
         <clubReceveur>SMC</clubReceveur>
         <clubInvité>SRFC</clubInvité>
         <score>0 2</score>
      </rencontre>
      <rencontre>
         <clubReceveur>DFCO</clubReceveur>
         <clubInvité>ETGFC</clubInvité>
         <score>3 1</score>
      </rencontre>
      <rencontre>
         <clubReceveur>MHSC</clubReceveur>
         <clubInvité>OL</clubInvité>
         <score>1 0</score>
      </rencontre>
      <rencontre>
         <clubReceveur>PSG</clubReceveur>
         <clubInvité>TFC</clubInvité>
         <score>3 1</score>
      </rencontre>
      <rencontre>
         <clubReceveur>ASSE</clubReceveur>
         <clubInvité>FCSM</clubInvité>
         <score>1 0</score>
      </rencontre>
      <rencontre>
         <clubReceveur>OM</clubReceveur>
         <clubInvité>LOSC</clubInvité>
         <score>2 0</score>
      </rencontre>
   </journée>
   <journée num="21">
      <date>2012-01-28</date>
      <rencontre>
         <clubReceveur>AJA</clubReceveur>
         <clubInvité>ASNL</clubInvité>
         <score>1 3</score>
      </rencontre>
      <rencontre>
         <clubReceveur>SB</clubReceveur>
         <clubInvité>PSG</clubInvité>
         <score>0 1</score>
      </rencontre>
      <rencontre>
         <clubReceveur>FCL</clubReceveur>
         <clubInvité>FCSM</clubInvité>
         <score>1 1</score>
      </rencontre>
      <rencontre>
         <clubReceveur>OL</clubReceveur>
         <clubInvité>DFCO</clubInvité>
         <score>3 1</score>
      </rencontre>
      <rencontre>
         <clubReceveur>OGCN</clubReceveur>
         <clubInvité>MHSC</clubInvité>
         <score>0 1</score>
      </rencontre>
      <rencontre>
         <clubReceveur>TFC</clubReceveur>
         <clubInvité>SMC</clubInvité>
         <score>1 0</score>
      </rencontre>
      <rencontre>
         <clubReceveur>LOSC</clubReceveur>
         <clubInvité>ASSE</clubInvité>
         <score>3 0</score>
      </rencontre>
      <rencontre>
         <clubReceveur>ETGFC</clubReceveur>
         <clubInvité>GB</clubInvité>
         <score>0 0</score>
      </rencontre>
      <rencontre>
         <clubReceveur>VAFC</clubReceveur>
         <clubInvité>ACA</clubInvité>
         <score>1 2</score>
      </rencontre>
      <rencontre>
         <clubReceveur>SRFC</clubReceveur>
         <clubInvité>OM</clubInvité>
         <score>1 2</score>
      </rencontre>
   </journée>
   <journée num="22">
      <date>2012-02-04</date>
      <rencontre>
         <clubReceveur>ACA</clubReceveur>
         <clubInvité>OGCN</clubInvité>
         <score>1 1</score>
      </rencontre>
      <rencontre>
         <clubReceveur>ASNL</clubReceveur>
         <clubInvité>SRFC</clubInvité>
         <score>0 0</score>
      </rencontre>
      <rencontre>
         <clubReceveur>DFCO</clubReceveur>
         <clubInvité>VAFC</clubInvité>
         <score>1 2</score>
      </rencontre>
      <rencontre>
         <clubReceveur>MHSC</clubReceveur>
         <clubInvité>SB</clubInvité>
         <score>1 0</score>
      </rencontre>
      <rencontre>
         <clubReceveur>PSG</clubReceveur>
         <clubInvité>ETGFC</clubInvité>
         <score>3 1</score>
      </rencontre>
      <rencontre>
         <clubReceveur>GB</clubReceveur>
         <clubInvité>TFC</clubInvité>
         <score>2 0</score>
      </rencontre>
      <rencontre>
         <clubReceveur>OM</clubReceveur>
         <clubInvité>OL</clubInvité>
         <score>2 2</score>
      </rencontre>
      <rencontre>
         <clubReceveur>SMC</clubReceveur>
         <clubInvité>AJA</clubInvité>
         <score/>
      </rencontre>
      <rencontre>
         <clubReceveur>FCSM</clubReceveur>
         <clubInvité>LOSC</clubInvité>
         <score/>
      </rencontre>
      <rencontre>
         <clubReceveur>ASSE</clubReceveur>
         <clubInvité>FCL</clubInvité>
         <score/>
      </rencontre>
   </journée>
   <journée num="23">
      <date>2012-02-11</date>
      <rencontre>
         <clubReceveur>AJA</clubReceveur>
         <clubInvité>FCL</clubInvité>
         <score>1 1</score>
      </rencontre>
      <rencontre>
         <clubReceveur>ETGFC</clubReceveur>
         <clubInvité>OM</clubInvité>
         <score/>
      </rencontre>
      <rencontre>
         <clubReceveur>MHSC</clubReceveur>
         <clubInvité>ACA</clubInvité>
         <score>3 0</score>
      </rencontre>
      <rencontre>
         <clubReceveur>VAFC</clubReceveur>
         <clubInvité>ASNL</clubInvité>
         <score>1 0</score>
      </rencontre>
      <rencontre>
         <clubReceveur>SRFC</clubReceveur>
         <clubInvité>FCSM</clubInvité>
         <score>1 0</score>
      </rencontre>
      <rencontre>
         <clubReceveur>SB</clubReceveur>
         <clubInvité>DFCO</clubInvité>
         <score>1 1</score>
      </rencontre>
      <rencontre>
         <clubReceveur>OL</clubReceveur>
         <clubInvité>SMC</clubInvité>
         <score>1 2</score>
      </rencontre>
      <rencontre>
         <clubReceveur>LOSC</clubReceveur>
         <clubInvité>GB</clubInvité>
         <score>4 5</score>
      </rencontre>
      <rencontre>
         <clubReceveur>OGCN</clubReceveur>
         <clubInvité>PSG</clubInvité>
         <score>0 0</score>
      </rencontre>
      <rencontre>
         <clubReceveur>TFC</clubReceveur>
         <clubInvité>ASSE</clubInvité>
         <score>0 1</score>
      </rencontre>
   </journée>
</journées>
</championnat>
